BFC0004	application	unsupported	podman@5.4.0..6.1.0	3
BFC0004	services.db.ports[0]	unsupported	podman@5.4.0..6.1.0	1
BFC0004	services.nginx.ports[0]	unsupported	podman@5.4.0..6.1.0	1
BFC0004	services.redis.ports[0]	unsupported	podman@5.4.0..6.1.0	1
BFC0004	services.superset-node.ports[0]	unsupported	podman@5.4.0..6.1.0	1
BFC0004	services.superset-tests-worker.network_mode	unsupported	podman@5.4.0..6.1.0	1
BFC0004	services.superset-websocket.ports[0]	unsupported	podman@5.4.0..6.1.0	1
BFC0004	services.superset.ports[0]	unsupported	podman@5.4.0..6.1.0	1
BFC0004	services.superset.ports[1]	unsupported	podman@5.4.0..6.1.0	1
BFQ0003	image_builds.superset-build.source_declaration.settings[0]	unsupported	podman@5.4.0..6.1.0	1
BFQ0003	image_builds.superset-build.source_declaration.settings[2]	unsupported	podman@5.4.0..6.1.0	1
BFQ0003	image_builds.superset-init-build.source_declaration.settings[0]	unsupported	podman@5.4.0..6.1.0	1
BFQ0003	image_builds.superset-init-build.source_declaration.settings[2]	unsupported	podman@5.4.0..6.1.0	1
BFQ0003	image_builds.superset-node-build.source_declaration.settings[0]	unsupported	podman@5.4.0..6.1.0	1
BFQ0003	image_builds.superset-tests-worker-build.source_declaration.settings[0]	unsupported	podman@5.4.0..6.1.0	1
BFQ0003	image_builds.superset-tests-worker-build.source_declaration.settings[2]	unsupported	podman@5.4.0..6.1.0	1
BFQ0003	image_builds.superset-websocket-build.source_declaration	unsupported	podman@5.4.0..6.1.0	1
BFQ0003	image_builds.superset-worker-beat-build.source_declaration.settings[0]	unsupported	podman@5.4.0..6.1.0	1
BFQ0003	image_builds.superset-worker-beat-build.source_declaration.settings[2]	unsupported	podman@5.4.0..6.1.0	1
BFQ0003	image_builds.superset-worker-build.source_declaration.settings[0]	unsupported	podman@5.4.0..6.1.0	1
BFQ0003	image_builds.superset-worker-build.source_declaration.settings[2]	unsupported	podman@5.4.0..6.1.0	1
BFQ0003	services.db.env_file[0]	unsupported	podman@5.4.0..6.1.0	1
BFQ0003	services.db.env_file[1]	unsupported	podman@5.4.0..6.1.0	1
BFQ0003	services.db.mounts[1]	unsupported	podman@5.4.0..6.1.0	1
BFQ0003	services.nginx.command	unsupported	podman@5.4.0..6.1.0	1
BFQ0003	services.nginx.env_file[0]	unsupported	podman@5.4.0..6.1.0	1
BFQ0003	services.nginx.env_file[1]	unsupported	podman@5.4.0..6.1.0	1
BFQ0003	services.nginx.mounts[0]	unsupported	podman@5.4.0..6.1.0	1
BFQ0003	services.nginx.mounts[1]	unsupported	podman@5.4.0..6.1.0	1
BFQ0003	services.superset-init.env_file[0]	unsupported	podman@5.4.0..6.1.0	1
BFQ0003	services.superset-init.env_file[1]	unsupported	podman@5.4.0..6.1.0	1
BFQ0003	services.superset-init.mounts[0]	unsupported	podman@5.4.0..6.1.0	1
BFQ0003	services.superset-init.mounts[1]	unsupported	podman@5.4.0..6.1.0	1
BFQ0003	services.superset-init.mounts[2]	unsupported	podman@5.4.0..6.1.0	1
BFQ0003	services.superset-init.mounts[3]	unsupported	podman@5.4.0..6.1.0	1
BFQ0003	services.superset-init.mounts[5]	unsupported	podman@5.4.0..6.1.0	1
BFQ0003	services.superset-init.mounts[7]	unsupported	podman@5.4.0..6.1.0	1
BFQ0003	services.superset-node.env_file[0]	unsupported	podman@5.4.0..6.1.0	1
BFQ0003	services.superset-node.env_file[1]	unsupported	podman@5.4.0..6.1.0	1
BFQ0003	services.superset-node.environment.SCARF_ANALYTICS	unsupported	podman@5.4.0..6.1.0	1
BFQ0003	services.superset-node.mounts[0]	unsupported	podman@5.4.0..6.1.0	1
BFQ0003	services.superset-node.mounts[1]	unsupported	podman@5.4.0..6.1.0	1
BFQ0003	services.superset-node.mounts[2]	unsupported	podman@5.4.0..6.1.0	1
BFQ0003	services.superset-node.mounts[3]	unsupported	podman@5.4.0..6.1.0	1
BFQ0003	services.superset-node.mounts[5]	unsupported	podman@5.4.0..6.1.0	1
BFQ0003	services.superset-node.mounts[7]	unsupported	podman@5.4.0..6.1.0	1
BFQ0003	services.superset-tests-worker.env_file[0]	unsupported	podman@5.4.0..6.1.0	1
BFQ0003	services.superset-tests-worker.env_file[1]	unsupported	podman@5.4.0..6.1.0	1
BFQ0003	services.superset-tests-worker.mounts[0]	unsupported	podman@5.4.0..6.1.0	1
BFQ0003	services.superset-tests-worker.mounts[1]	unsupported	podman@5.4.0..6.1.0	1
BFQ0003	services.superset-tests-worker.mounts[2]	unsupported	podman@5.4.0..6.1.0	1
BFQ0003	services.superset-tests-worker.mounts[3]	unsupported	podman@5.4.0..6.1.0	1
BFQ0003	services.superset-tests-worker.mounts[5]	unsupported	podman@5.4.0..6.1.0	1
BFQ0003	services.superset-tests-worker.mounts[7]	unsupported	podman@5.4.0..6.1.0	1
BFQ0003	services.superset-websocket.mounts[0]	unsupported	podman@5.4.0..6.1.0	1
BFQ0003	services.superset-websocket.mounts[3]	unsupported	podman@5.4.0..6.1.0	1
BFQ0003	services.superset-worker-beat.env_file[0]	unsupported	podman@5.4.0..6.1.0	1
BFQ0003	services.superset-worker-beat.env_file[1]	unsupported	podman@5.4.0..6.1.0	1
BFQ0003	services.superset-worker-beat.mounts[0]	unsupported	podman@5.4.0..6.1.0	1
BFQ0003	services.superset-worker-beat.mounts[1]	unsupported	podman@5.4.0..6.1.0	1
BFQ0003	services.superset-worker-beat.mounts[2]	unsupported	podman@5.4.0..6.1.0	1
BFQ0003	services.superset-worker-beat.mounts[3]	unsupported	podman@5.4.0..6.1.0	1
BFQ0003	services.superset-worker-beat.mounts[5]	unsupported	podman@5.4.0..6.1.0	1
BFQ0003	services.superset-worker-beat.mounts[7]	unsupported	podman@5.4.0..6.1.0	1
BFQ0003	services.superset-worker.env_file[0]	unsupported	podman@5.4.0..6.1.0	1
BFQ0003	services.superset-worker.env_file[1]	unsupported	podman@5.4.0..6.1.0	1
BFQ0003	services.superset-worker.mounts[0]	unsupported	podman@5.4.0..6.1.0	1
BFQ0003	services.superset-worker.mounts[1]	unsupported	podman@5.4.0..6.1.0	1
BFQ0003	services.superset-worker.mounts[2]	unsupported	podman@5.4.0..6.1.0	1
BFQ0003	services.superset-worker.mounts[3]	unsupported	podman@5.4.0..6.1.0	1
BFQ0003	services.superset-worker.mounts[5]	unsupported	podman@5.4.0..6.1.0	1
BFQ0003	services.superset-worker.mounts[7]	unsupported	podman@5.4.0..6.1.0	1
BFQ0003	services.superset.env_file[0]	unsupported	podman@5.4.0..6.1.0	1
BFQ0003	services.superset.env_file[1]	unsupported	podman@5.4.0..6.1.0	1
BFQ0003	services.superset.mounts[0]	unsupported	podman@5.4.0..6.1.0	1
BFQ0003	services.superset.mounts[1]	unsupported	podman@5.4.0..6.1.0	1
BFQ0003	services.superset.mounts[2]	unsupported	podman@5.4.0..6.1.0	1
BFQ0003	services.superset.mounts[3]	unsupported	podman@5.4.0..6.1.0	1
BFQ0003	services.superset.mounts[5]	unsupported	podman@5.4.0..6.1.0	1
BFQ0003	services.superset.mounts[7]	unsupported	podman@5.4.0..6.1.0	1
BFQ0004	image_builds.superset-build	invalid	podman@5.4.0..6.1.0	1
BFQ0004	image_builds.superset-init-build	invalid	podman@5.4.0..6.1.0	1
BFQ0004	image_builds.superset-node-build	invalid	podman@5.4.0..6.1.0	1
BFQ0004	image_builds.superset-tests-worker-build	invalid	podman@5.4.0..6.1.0	1
BFQ0004	image_builds.superset-websocket-build	invalid	podman@5.4.0..6.1.0	1
BFQ0004	image_builds.superset-worker-beat-build	invalid	podman@5.4.0..6.1.0	1
BFQ0004	image_builds.superset-worker-build	invalid	podman@5.4.0..6.1.0	1
BFQ0005	application	invalid	podman@5.4.0..6.1.0	1
BFQ0006	image_builds.superset-build.settings[1][0]	unsupported	podman@5.4.0..6.1.0	1
BFQ0006	image_builds.superset-build.settings[1][1]	unsupported	podman@5.4.0..6.1.0	1
BFQ0006	image_builds.superset-build.settings[1][2]	unsupported	podman@5.4.0..6.1.0	1
BFQ0006	image_builds.superset-build.settings[1][3]	unsupported	podman@5.4.0..6.1.0	1
BFQ0006	image_builds.superset-init-build.settings[1][0]	unsupported	podman@5.4.0..6.1.0	1
BFQ0006	image_builds.superset-init-build.settings[1][1]	unsupported	podman@5.4.0..6.1.0	1
BFQ0006	image_builds.superset-init-build.settings[1][2]	unsupported	podman@5.4.0..6.1.0	1
BFQ0006	image_builds.superset-init-build.settings[1][3]	unsupported	podman@5.4.0..6.1.0	1
BFQ0006	image_builds.superset-node-build.settings[1][0]	unsupported	podman@5.4.0..6.1.0	1
BFQ0006	image_builds.superset-node-build.settings[1][1]	unsupported	podman@5.4.0..6.1.0	1
BFQ0006	image_builds.superset-tests-worker-build.settings[1][0]	unsupported	podman@5.4.0..6.1.0	1
BFQ0006	image_builds.superset-tests-worker-build.settings[1][1]	unsupported	podman@5.4.0..6.1.0	1
BFQ0006	image_builds.superset-tests-worker-build.settings[1][2]	unsupported	podman@5.4.0..6.1.0	1
BFQ0006	image_builds.superset-tests-worker-build.settings[1][3]	unsupported	podman@5.4.0..6.1.0	1
BFQ0006	image_builds.superset-worker-beat-build.settings[1][0]	unsupported	podman@5.4.0..6.1.0	1
BFQ0006	image_builds.superset-worker-beat-build.settings[1][1]	unsupported	podman@5.4.0..6.1.0	1
BFQ0006	image_builds.superset-worker-beat-build.settings[1][2]	unsupported	podman@5.4.0..6.1.0	1
BFQ0006	image_builds.superset-worker-beat-build.settings[1][3]	unsupported	podman@5.4.0..6.1.0	1
BFQ0006	image_builds.superset-worker-build.settings[1][0]	unsupported	podman@5.4.0..6.1.0	1
BFQ0006	image_builds.superset-worker-build.settings[1][1]	unsupported	podman@5.4.0..6.1.0	1
BFQ0006	image_builds.superset-worker-build.settings[1][2]	unsupported	podman@5.4.0..6.1.0	1
BFQ0006	image_builds.superset-worker-build.settings[1][3]	unsupported	podman@5.4.0..6.1.0	1
BFQ0008	services.superset-tests-worker.dependencies[0]	unsupported	podman@5.4.0..6.1.0	1
BFQ0008	services.superset-worker.dependencies[0]	unsupported	podman@5.4.0..6.1.0	1
BFQ0008	services.superset.dependencies[0]	unsupported	podman@5.4.0..6.1.0	1
BFQ0009	services.db.restart_policy	approximate	podman@5.4.0..6.1.0	1
BFQ0009	services.nginx.restart_policy	approximate	podman@5.4.0..6.1.0	1
BFQ0009	services.redis.restart_policy	approximate	podman@5.4.0..6.1.0	1
BFQ0009	services.superset-worker-beat.restart_policy	approximate	podman@5.4.0..6.1.0	1
BFQ0009	services.superset-worker.restart_policy	approximate	podman@5.4.0..6.1.0	1
BFQ0009	services.superset.restart_policy	approximate	podman@5.4.0..6.1.0	1
